<?xml version="1.0" encoding="UTF-8" ?>
<!-- This is a WordPress eXtended RSS file generated by WordPress as an export of your site. -->
<!-- It contains information about your site's posts, pages, comments, categories, and other content. -->
<!-- You may use this file to transfer that content from one site to another. -->
<!-- This file is not intended to serve as a complete backup of your site. -->

<!-- To import this information into a WordPress site follow these steps: -->
<!-- 1. Log in to that site as an administrator. -->
<!-- 2. Go to Tools: Import in the WordPress admin panel. -->
<!-- 3. Install the "WordPress" importer from the list. -->
<!-- 4. Activate & Run Importer. -->
<!-- 5. Upload this file using the form provided on that page. -->
<!-- 6. You will first be asked to map the authors in this export file to users -->
<!--    on the site. For each author, you may choose to map to an -->
<!--    existing user on the site or to create a new user. -->
<!-- 7. WordPress will then import each of the posts, pages, comments, categories, etc. -->
<!--    contained in this file into your site. -->

	<!-- generator="WordPress/5.3.2" created="2020-03-27 09:37" -->
<rss version="2.0"
	xmlns:excerpt="http://wordpress.org/export/1.2/excerpt/"
	xmlns:content="http://purl.org/rss/1.0/modules/content/"
	xmlns:wfw="http://wellformedweb.org/CommentAPI/"
	xmlns:dc="http://purl.org/dc/elements/1.1/"
	xmlns:wp="http://wordpress.org/export/1.2/"
>

<channel>
	<title>WordPress</title>
	<link>http://localhost/wp</link>
	<description>Get latest reviews about WordPress</description>
	<pubDate>Fri, 27 Mar 2020 09:37:21 +0000</pubDate>
	<language>en-US</language>
	<wp:wxr_version>1.2</wp:wxr_version>
	<wp:base_site_url>http://localhost/wp</wp:base_site_url>
	<wp:base_blog_url>http://localhost/wp</wp:base_blog_url>

		<wp:author><wp:author_id>1</wp:author_id><wp:author_login><![CDATA[admin]]></wp:author_login><wp:author_email><![CDATA[public.nurhasan@gmail.com]]></wp:author_email><wp:author_display_name><![CDATA[Nur Hasan]]></wp:author_display_name><wp:author_first_name><![CDATA[Nur]]></wp:author_first_name><wp:author_last_name><![CDATA[Hasan]]></wp:author_last_name></wp:author>

				
	<generator>https://wordpress.org/?v=5.3.2</generator>

		<item>
		<title>– ThumbRounded</title>
		<link>http://localhost/wp/wcps_layout/50228-theme-thumbrounded/</link>
		<pubDate>Mon, 02 Mar 2020 17:07:39 +0000</pubDate>
		<dc:creator><![CDATA[admin]]></dc:creator>
		<guid isPermaLink="false">http://localhost/wp/wcps_layout/50228-theme-thumbrounded/</guid>
		<description></description>
		<content:encoded><![CDATA[]]></content:encoded>
		<excerpt:encoded><![CDATA[]]></excerpt:encoded>
		<wp:post_id>50264</wp:post_id>
		<wp:post_date><![CDATA[2020-03-02 17:07:39]]></wp:post_date>
		<wp:post_date_gmt><![CDATA[2020-03-02 17:07:39]]></wp:post_date_gmt>
		<wp:comment_status><![CDATA[closed]]></wp:comment_status>
		<wp:ping_status><![CDATA[closed]]></wp:ping_status>
		<wp:post_name><![CDATA[50228-theme-thumbrounded]]></wp:post_name>
		<wp:status><![CDATA[publish]]></wp:status>
		<wp:post_parent>0</wp:post_parent>
		<wp:menu_order>0</wp:menu_order>
		<wp:post_type><![CDATA[wcps_layout]]></wp:post_type>
		<wp:post_password><![CDATA[]]></wp:post_password>
		<wp:is_sticky>0</wp:is_sticky>
														<wp:postmeta>
		<wp:meta_key><![CDATA[custom_scripts]]></wp:meta_key>
		<wp:meta_value><![CDATA[a:2:{s:10:"custom_css";s:189:".__ID__{}.__ID__ .layer-media {background: rgb(255, 255, 255) none repeat scroll 0 0;border-radius: 50%;overflow: hidden;}.__ID__ .layer-media .thumb {height:240px;}.__ID__ .layer-content{}";s:9:"custom_js";s:0:"";}]]></wp:meta_value>
		</wp:postmeta>
							<wp:postmeta>
		<wp:meta_key><![CDATA[layout_options]]></wp:meta_key>
		<wp:meta_value><![CDATA[a:1:{s:18:"layout_preview_img";s:31:"https://i.imgur.com/QlxfXdW.png";}]]></wp:meta_value>
		</wp:postmeta>
							<wp:postmeta>
		<wp:meta_key><![CDATA[layout_elements_data]]></wp:meta_key>
		<wp:meta_value><![CDATA[a:9:{i:0;a:1:{s:13:"wrapper_start";a:4:{s:10:"wrapper_id";s:0:"";s:13:"wrapper_class";s:11:"layer-media";s:8:"css_idle";s:0:"";s:6:"margin";s:0:"";}}i:1;a:1:{s:9:"thumbnail";a:6:{s:10:"thumb_size";s:4:"full";s:12:"thumb_height";a:3:{s:5:"large";s:6:"1000px";s:6:"medium";s:0:"";s:5:"small";s:0:"";}s:17:"default_thumb_src";s:139:"https://www.pickplugins.com/demo/woocommerce-products-slider/wp-content/plugins/woocommerce-products-slider/assets/front/images/no-thumb.png";s:6:"margin";s:0:"";s:7:"link_to";s:4:"none";s:16:"link_to_meta_key";s:0:"";}}i:2;a:1:{s:11:"wrapper_end";a:1:{s:10:"wrapper_id";s:0:"";}}i:3;a:1:{s:13:"wrapper_start";a:4:{s:10:"wrapper_id";s:0:"";s:13:"wrapper_class";s:13:"layer-content";s:8:"css_idle";s:0:"";s:6:"margin";s:0:"";}}i:5;a:1:{s:10:"post_title";a:6:{s:5:"color";s:7:"#000000";s:9:"font_size";s:4:"16px";s:11:"font_family";s:0:"";s:6:"margin";s:6:"10px 0";s:10:"text_align";s:4:"left";s:7:"link_to";s:12:"product_link";}}i:6;a:1:{s:7:"content";a:10:{s:14:"content_source";s:7:"excerpt";s:10:"word_count";s:2:"15";s:14:"read_more_text";s:13:"View product.";s:15:"read_more_color";s:7:"#000000";s:5:"color";s:7:"#000000";s:9:"font_size";s:4:"14px";s:11:"font_family";s:0:"";s:10:"text_align";s:4:"left";s:6:"margin";s:6:"10px 0";s:7:"link_to";s:12:"product_link";}}i:7;a:1:{s:13:"product_price";a:4:{s:10:"price_type";s:4:"full";s:12:"wrapper_html";s:0:"";s:5:"color";s:7:"#000000";s:6:"margin";s:6:"10px 0";}}i:8;a:1:{s:11:"add_to_cart";a:3:{s:16:"background_color";s:7:"#1e73be";s:5:"color";s:7:"#ffffff";s:13:"show_quantity";s:2:"no";}}i:10;a:1:{s:11:"wrapper_end";a:1:{s:10:"wrapper_id";s:0:"";}}}]]></wp:meta_value>
		</wp:postmeta>
							<wp:postmeta>
		<wp:meta_key><![CDATA[_edit_last]]></wp:meta_key>
		<wp:meta_value><![CDATA[1]]></wp:meta_value>
		</wp:postmeta>
							<wp:postmeta>
		<wp:meta_key><![CDATA[wcps_options]]></wp:meta_key>
		<wp:meta_value><![CDATA[]]></wp:meta_value>
		</wp:postmeta>
							</item>
					<item>
		<title>– ContentBottom</title>
		<link>http://localhost/wp/wcps_layout/195-theme-contentbottom/</link>
		<pubDate>Mon, 02 Mar 2020 17:11:15 +0000</pubDate>
		<dc:creator><![CDATA[admin]]></dc:creator>
		<guid isPermaLink="false">http://localhost/wp/wcps_layout/195-theme-contentbottom/</guid>
		<description></description>
		<content:encoded><![CDATA[]]></content:encoded>
		<excerpt:encoded><![CDATA[]]></excerpt:encoded>
		<wp:post_id>50271</wp:post_id>
		<wp:post_date><![CDATA[2020-03-02 17:11:15]]></wp:post_date>
		<wp:post_date_gmt><![CDATA[2020-03-02 17:11:15]]></wp:post_date_gmt>
		<wp:comment_status><![CDATA[closed]]></wp:comment_status>
		<wp:ping_status><![CDATA[closed]]></wp:ping_status>
		<wp:post_name><![CDATA[195-theme-contentbottom]]></wp:post_name>
		<wp:status><![CDATA[publish]]></wp:status>
		<wp:post_parent>0</wp:post_parent>
		<wp:menu_order>0</wp:menu_order>
		<wp:post_type><![CDATA[wcps_layout]]></wp:post_type>
		<wp:post_password><![CDATA[]]></wp:post_password>
		<wp:is_sticky>0</wp:is_sticky>
														<wp:postmeta>
		<wp:meta_key><![CDATA[custom_scripts]]></wp:meta_key>
		<wp:meta_value><![CDATA[a:2:{s:10:"custom_css";s:507:".__ID__{ overflow: hidden; position: relative; vertical-align: top; } .__ID__:hover .layer-media{ z-index:9; } .__ID__ .layer-media{ -webkit-transition: all 0.4s ease 0s; transition: all 0.4s ease 0s; left: 0; top: 0; width: 100%; } .__ID__:hover .layer-content{ } .__ID__ .layer-content{background: rgba(33, 33, 33, 0.63) none repeat scroll 0 0; bottom: 0; color: rgb(255, 255, 255); left: 0; position: absolute; -webkit-transition: all 1s ease 0s; transition: all 1s ease 0s; width: 100%; padding: 10px; }";s:9:"custom_js";s:0:"";}]]></wp:meta_value>
		</wp:postmeta>
							<wp:postmeta>
		<wp:meta_key><![CDATA[layout_options]]></wp:meta_key>
		<wp:meta_value><![CDATA[a:1:{s:18:"layout_preview_img";s:31:"https://i.imgur.com/sUfqp9d.png";}]]></wp:meta_value>
		</wp:postmeta>
							<wp:postmeta>
		<wp:meta_key><![CDATA[layout_elements_data]]></wp:meta_key>
		<wp:meta_value><![CDATA[a:9:{i:0;a:1:{s:13:"wrapper_start";a:4:{s:10:"wrapper_id";s:0:"";s:13:"wrapper_class";s:11:"layer-media";s:8:"css_idle";s:0:"";s:6:"margin";s:0:"";}}i:1;a:1:{s:9:"thumbnail";a:6:{s:10:"thumb_size";s:4:"full";s:12:"thumb_height";a:3:{s:5:"large";s:6:"1000px";s:6:"medium";s:0:"";s:5:"small";s:0:"";}s:17:"default_thumb_src";s:139:"https://www.pickplugins.com/demo/woocommerce-products-slider/wp-content/plugins/woocommerce-products-slider/assets/front/images/no-thumb.png";s:6:"margin";s:0:"";s:7:"link_to";s:4:"none";s:16:"link_to_meta_key";s:0:"";}}i:2;a:1:{s:11:"wrapper_end";a:1:{s:10:"wrapper_id";s:0:"";}}i:3;a:1:{s:13:"wrapper_start";a:4:{s:10:"wrapper_id";s:0:"";s:13:"wrapper_class";s:13:"layer-content";s:8:"css_idle";s:0:"";s:6:"margin";s:0:"";}}i:5;a:1:{s:10:"post_title";a:6:{s:5:"color";s:7:"#ffffff";s:9:"font_size";s:4:"16px";s:11:"font_family";s:0:"";s:6:"margin";s:6:"10px 0";s:10:"text_align";s:4:"left";s:7:"link_to";s:12:"product_link";}}i:6;a:1:{s:7:"content";a:10:{s:14:"content_source";s:7:"excerpt";s:10:"word_count";s:2:"15";s:14:"read_more_text";s:13:"View product.";s:15:"read_more_color";s:7:"#ffffff";s:5:"color";s:7:"#ffffff";s:9:"font_size";s:4:"14px";s:11:"font_family";s:0:"";s:10:"text_align";s:4:"left";s:6:"margin";s:6:"10px 0";s:7:"link_to";s:12:"product_link";}}i:7;a:1:{s:13:"product_price";a:4:{s:10:"price_type";s:4:"full";s:12:"wrapper_html";s:0:"";s:5:"color";s:7:"#ffffff";s:6:"margin";s:6:"10px 0";}}i:8;a:1:{s:11:"add_to_cart";a:3:{s:16:"background_color";s:7:"#1e73be";s:5:"color";s:7:"#ffffff";s:13:"show_quantity";s:2:"no";}}i:10;a:1:{s:11:"wrapper_end";a:1:{s:10:"wrapper_id";s:0:"";}}}]]></wp:meta_value>
		</wp:postmeta>
							<wp:postmeta>
		<wp:meta_key><![CDATA[_edit_last]]></wp:meta_key>
		<wp:meta_value><![CDATA[1]]></wp:meta_value>
		</wp:postmeta>
							<wp:postmeta>
		<wp:meta_key><![CDATA[wcps_options]]></wp:meta_key>
		<wp:meta_value><![CDATA[]]></wp:meta_value>
		</wp:postmeta>
							</item>
					<item>
		<title>– SpinLeft</title>
		<link>http://localhost/wp/wcps_layout/179-theme-spinleft/</link>
		<pubDate>Mon, 02 Mar 2020 17:19:06 +0000</pubDate>
		<dc:creator><![CDATA[admin]]></dc:creator>
		<guid isPermaLink="false">http://localhost/wp/wcps_layout/179-theme-spinleft/</guid>
		<description></description>
		<content:encoded><![CDATA[]]></content:encoded>
		<excerpt:encoded><![CDATA[]]></excerpt:encoded>
		<wp:post_id>50286</wp:post_id>
		<wp:post_date><![CDATA[2020-03-02 17:19:06]]></wp:post_date>
		<wp:post_date_gmt><![CDATA[2020-03-02 17:19:06]]></wp:post_date_gmt>
		<wp:comment_status><![CDATA[closed]]></wp:comment_status>
		<wp:ping_status><![CDATA[closed]]></wp:ping_status>
		<wp:post_name><![CDATA[179-theme-spinleft]]></wp:post_name>
		<wp:status><![CDATA[publish]]></wp:status>
		<wp:post_parent>0</wp:post_parent>
		<wp:menu_order>0</wp:menu_order>
		<wp:post_type><![CDATA[wcps_layout]]></wp:post_type>
		<wp:post_password><![CDATA[]]></wp:post_password>
		<wp:is_sticky>0</wp:is_sticky>
														<wp:postmeta>
		<wp:meta_key><![CDATA[custom_scripts]]></wp:meta_key>
		<wp:meta_value><![CDATA[a:2:{s:10:"custom_css";s:687:".__ID__{ overflow: hidden; position: relative; vertical-align: top; } .__ID__:hover .layer-media{ -webkit-transform: rotate(-30deg); transform: rotate(-30deg); opacity: 0; -ms-filter: "progid:DXImageTransform.Microsoft.Alpha(Opacity=0)"; } .__ID__ .layer-media{ -webkit-transition: all 1s ease 0s; transition: all 1s ease 0s; left: 0; top: 0; width: 100%; } .__ID__:hover .layer-content{ opacity: 1; -ms-filter: "progid:DXImageTransform.Microsoft.Alpha(Opacity=100)"; } .__ID__ .layer-content{ left: 0; opacity: 0; -ms-filter: "progid:DXImageTransform.Microsoft.Alpha(Opacity=0)"; position: absolute; top: 0; width: 100%; -webkit-transition: all 1s ease 0s; transition: all 1s ease 0s; }";s:9:"custom_js";s:0:"";}]]></wp:meta_value>
		</wp:postmeta>
							<wp:postmeta>
		<wp:meta_key><![CDATA[layout_options]]></wp:meta_key>
		<wp:meta_value><![CDATA[a:1:{s:18:"layout_preview_img";s:31:"https://i.imgur.com/tBzV6di.gif";}]]></wp:meta_value>
		</wp:postmeta>
							<wp:postmeta>
		<wp:meta_key><![CDATA[layout_elements_data]]></wp:meta_key>
		<wp:meta_value><![CDATA[a:9:{i:0;a:1:{s:13:"wrapper_start";a:4:{s:10:"wrapper_id";s:0:"";s:13:"wrapper_class";s:11:"layer-media";s:8:"css_idle";s:0:"";s:6:"margin";s:0:"";}}i:1;a:1:{s:9:"thumbnail";a:6:{s:10:"thumb_size";s:4:"full";s:12:"thumb_height";a:3:{s:5:"large";s:6:"1000px";s:6:"medium";s:0:"";s:5:"small";s:0:"";}s:17:"default_thumb_src";s:139:"https://www.pickplugins.com/demo/woocommerce-products-slider/wp-content/plugins/woocommerce-products-slider/assets/front/images/no-thumb.png";s:6:"margin";s:0:"";s:7:"link_to";s:4:"none";s:16:"link_to_meta_key";s:0:"";}}i:2;a:1:{s:11:"wrapper_end";a:1:{s:10:"wrapper_id";s:0:"";}}i:3;a:1:{s:13:"wrapper_start";a:4:{s:10:"wrapper_id";s:0:"";s:13:"wrapper_class";s:13:"layer-content";s:8:"css_idle";s:0:"";s:6:"margin";s:0:"";}}i:5;a:1:{s:10:"post_title";a:6:{s:5:"color";s:7:"#000000";s:9:"font_size";s:4:"16px";s:11:"font_family";s:0:"";s:6:"margin";s:6:"10px 0";s:10:"text_align";s:4:"left";s:7:"link_to";s:12:"product_link";}}i:6;a:1:{s:7:"content";a:10:{s:14:"content_source";s:7:"excerpt";s:10:"word_count";s:2:"15";s:14:"read_more_text";s:13:"View product.";s:15:"read_more_color";s:7:"#000000";s:5:"color";s:7:"#000000";s:9:"font_size";s:4:"14px";s:11:"font_family";s:0:"";s:10:"text_align";s:4:"left";s:6:"margin";s:6:"10px 0";s:7:"link_to";s:12:"product_link";}}i:7;a:1:{s:13:"product_price";a:4:{s:10:"price_type";s:4:"full";s:12:"wrapper_html";s:0:"";s:5:"color";s:7:"#000000";s:6:"margin";s:5:"5px 0";}}i:8;a:1:{s:11:"add_to_cart";a:3:{s:16:"background_color";s:7:"#1e73be";s:5:"color";s:7:"#ffffff";s:13:"show_quantity";s:2:"no";}}i:10;a:1:{s:11:"wrapper_end";a:1:{s:10:"wrapper_id";s:0:"";}}}]]></wp:meta_value>
		</wp:postmeta>
							<wp:postmeta>
		<wp:meta_key><![CDATA[_edit_last]]></wp:meta_key>
		<wp:meta_value><![CDATA[1]]></wp:meta_value>
		</wp:postmeta>
							<wp:postmeta>
		<wp:meta_key><![CDATA[wcps_options]]></wp:meta_key>
		<wp:meta_value><![CDATA[]]></wp:meta_value>
		</wp:postmeta>
							</item>
					<item>
		<title>– ZoomOut</title>
		<link>http://localhost/wp/wcps_layout/175-theme-zoomout/</link>
		<pubDate>Mon, 02 Mar 2020 17:21:05 +0000</pubDate>
		<dc:creator><![CDATA[admin]]></dc:creator>
		<guid isPermaLink="false">http://localhost/wp/wcps_layout/175-theme-zoomout/</guid>
		<description></description>
		<content:encoded><![CDATA[]]></content:encoded>
		<excerpt:encoded><![CDATA[]]></excerpt:encoded>
		<wp:post_id>50288</wp:post_id>
		<wp:post_date><![CDATA[2020-03-02 17:21:05]]></wp:post_date>
		<wp:post_date_gmt><![CDATA[2020-03-02 17:21:05]]></wp:post_date_gmt>
		<wp:comment_status><![CDATA[closed]]></wp:comment_status>
		<wp:ping_status><![CDATA[closed]]></wp:ping_status>
		<wp:post_name><![CDATA[175-theme-zoomout]]></wp:post_name>
		<wp:status><![CDATA[publish]]></wp:status>
		<wp:post_parent>0</wp:post_parent>
		<wp:menu_order>0</wp:menu_order>
		<wp:post_type><![CDATA[wcps_layout]]></wp:post_type>
		<wp:post_password><![CDATA[]]></wp:post_password>
		<wp:is_sticky>0</wp:is_sticky>
														<wp:postmeta>
		<wp:meta_key><![CDATA[custom_scripts]]></wp:meta_key>
		<wp:meta_value><![CDATA[a:2:{s:10:"custom_css";s:648:".__ID__ {overflow: hidden;position: relative;vertical-align: top;}.__ID__:hover .layer-media {-webkit-transform: scale(0);transform: scale(0);opacity: 0;-ms-filter: "progid:DXImageTransform.Microsoft.Alpha(Opacity=0)";}.__ID__ .layer-media {-webkit-transition: all 1s ease 0s;transition: all 1s ease 0s;left: 0;top: 0;width: 100%;}.__ID__:hover .layer-content{opacity: 1;-ms-filter: "progid:DXImageTransform.Microsoft.Alpha(Opacity=100)";}.__ID__ .layer-content {left: 0;opacity: 0;-ms-filter: "progid:DXImageTransform.Microsoft.Alpha(Opacity=0)";position: absolute;top: 0;width: 100%;-webkit-transition: all 1s ease 0s;transition: all 1s ease 0s;}";s:9:"custom_js";s:0:"";}]]></wp:meta_value>
		</wp:postmeta>
							<wp:postmeta>
		<wp:meta_key><![CDATA[layout_options]]></wp:meta_key>
		<wp:meta_value><![CDATA[a:1:{s:18:"layout_preview_img";s:31:"https://i.imgur.com/HmVriCY.gif";}]]></wp:meta_value>
		</wp:postmeta>
							<wp:postmeta>
		<wp:meta_key><![CDATA[layout_elements_data]]></wp:meta_key>
		<wp:meta_value><![CDATA[a:9:{i:0;a:1:{s:13:"wrapper_start";a:4:{s:10:"wrapper_id";s:0:"";s:13:"wrapper_class";s:11:"layer-media";s:8:"css_idle";s:0:"";s:6:"margin";s:0:"";}}i:1;a:1:{s:9:"thumbnail";a:6:{s:10:"thumb_size";s:4:"full";s:12:"thumb_height";a:3:{s:5:"large";s:6:"1000px";s:6:"medium";s:0:"";s:5:"small";s:0:"";}s:17:"default_thumb_src";s:139:"https://www.pickplugins.com/demo/woocommerce-products-slider/wp-content/plugins/woocommerce-products-slider/assets/front/images/no-thumb.png";s:6:"margin";s:0:"";s:7:"link_to";s:4:"none";s:16:"link_to_meta_key";s:0:"";}}i:2;a:1:{s:11:"wrapper_end";a:1:{s:10:"wrapper_id";s:0:"";}}i:3;a:1:{s:13:"wrapper_start";a:4:{s:10:"wrapper_id";s:0:"";s:13:"wrapper_class";s:13:"layer-content";s:8:"css_idle";s:0:"";s:6:"margin";s:0:"";}}i:5;a:1:{s:10:"post_title";a:6:{s:5:"color";s:7:"#000000";s:9:"font_size";s:4:"16px";s:11:"font_family";s:0:"";s:6:"margin";s:6:"10px 0";s:10:"text_align";s:4:"left";s:7:"link_to";s:12:"product_link";}}i:6;a:1:{s:7:"content";a:10:{s:14:"content_source";s:7:"excerpt";s:10:"word_count";s:2:"15";s:14:"read_more_text";s:13:"View product.";s:15:"read_more_color";s:7:"#000000";s:5:"color";s:7:"#000000";s:9:"font_size";s:4:"14px";s:11:"font_family";s:0:"";s:10:"text_align";s:4:"left";s:6:"margin";s:7:"10px  0";s:7:"link_to";s:12:"product_link";}}i:7;a:1:{s:13:"product_price";a:4:{s:10:"price_type";s:4:"full";s:12:"wrapper_html";s:0:"";s:5:"color";s:7:"#000000";s:6:"margin";s:6:"10px 0";}}i:8;a:1:{s:11:"add_to_cart";a:3:{s:16:"background_color";s:7:"#1e73be";s:5:"color";s:7:"#ffffff";s:13:"show_quantity";s:2:"no";}}i:10;a:1:{s:11:"wrapper_end";a:1:{s:10:"wrapper_id";s:0:"";}}}]]></wp:meta_value>
		</wp:postmeta>
							<wp:postmeta>
		<wp:meta_key><![CDATA[_edit_last]]></wp:meta_key>
		<wp:meta_value><![CDATA[1]]></wp:meta_value>
		</wp:postmeta>
							<wp:postmeta>
		<wp:meta_key><![CDATA[wcps_options]]></wp:meta_key>
		<wp:meta_value><![CDATA[]]></wp:meta_value>
		</wp:postmeta>
							</item>
					<item>
		<title>– ZoomIn</title>
		<link>http://localhost/wp/wcps_layout/50220-theme-zoomin/</link>
		<pubDate>Mon, 02 Mar 2020 17:21:06 +0000</pubDate>
		<dc:creator><![CDATA[admin]]></dc:creator>
		<guid isPermaLink="false">http://localhost/wp/wcps_layout/50220-theme-zoomin/</guid>
		<description></description>
		<content:encoded><![CDATA[]]></content:encoded>
		<excerpt:encoded><![CDATA[]]></excerpt:encoded>
		<wp:post_id>50289</wp:post_id>
		<wp:post_date><![CDATA[2020-03-02 17:21:06]]></wp:post_date>
		<wp:post_date_gmt><![CDATA[2020-03-02 17:21:06]]></wp:post_date_gmt>
		<wp:comment_status><![CDATA[closed]]></wp:comment_status>
		<wp:ping_status><![CDATA[closed]]></wp:ping_status>
		<wp:post_name><![CDATA[50220-theme-zoomin]]></wp:post_name>
		<wp:status><![CDATA[publish]]></wp:status>
		<wp:post_parent>0</wp:post_parent>
		<wp:menu_order>0</wp:menu_order>
		<wp:post_type><![CDATA[wcps_layout]]></wp:post_type>
		<wp:post_password><![CDATA[]]></wp:post_password>
		<wp:is_sticky>0</wp:is_sticky>
														<wp:postmeta>
		<wp:meta_key><![CDATA[custom_scripts]]></wp:meta_key>
		<wp:meta_value><![CDATA[a:2:{s:10:"custom_css";s:670:".__ID__{ overflow: hidden; position: relative; vertical-align: top; } .__ID__:hover .layer-media{ -webkit-transform: scale(1.5); transform: scale(1.5); opacity: 0; -ms-filter: "progid:DXImageTransform.Microsoft.Alpha(Opacity=0)"; } .__ID__ .layer-media{ -webkit-transition: all 1s ease 0s; transition: all 1s ease 0s; left: 0; top: 0; width: 100%; } .__ID__:hover .layer-content{ opacity: 1; -ms-filter: "progid:DXImageTransform.Microsoft.Alpha(Opacity=100)"; } .__ID__ .layer-content{ opacity: 0; -ms-filter: "progid:DXImageTransform.Microsoft.Alpha(Opacity=0)"; position: absolute; top: 0; width: 100%; -webkit-transition: all 1s ease 0s; transition: all 1s ease 0s; }";s:9:"custom_js";s:0:"";}]]></wp:meta_value>
		</wp:postmeta>
							<wp:postmeta>
		<wp:meta_key><![CDATA[layout_options]]></wp:meta_key>
		<wp:meta_value><![CDATA[a:1:{s:18:"layout_preview_img";s:31:"https://i.imgur.com/v2wqjFi.gif";}]]></wp:meta_value>
		</wp:postmeta>
							<wp:postmeta>
		<wp:meta_key><![CDATA[layout_elements_data]]></wp:meta_key>
		<wp:meta_value><![CDATA[a:9:{i:0;a:1:{s:13:"wrapper_start";a:4:{s:10:"wrapper_id";s:0:"";s:13:"wrapper_class";s:11:"layer-media";s:8:"css_idle";s:0:"";s:6:"margin";s:0:"";}}i:1;a:1:{s:9:"thumbnail";a:6:{s:10:"thumb_size";s:4:"full";s:12:"thumb_height";a:3:{s:5:"large";s:6:"1000px";s:6:"medium";s:0:"";s:5:"small";s:0:"";}s:17:"default_thumb_src";s:139:"https://www.pickplugins.com/demo/woocommerce-products-slider/wp-content/plugins/woocommerce-products-slider/assets/front/images/no-thumb.png";s:6:"margin";s:0:"";s:7:"link_to";s:4:"none";s:16:"link_to_meta_key";s:0:"";}}i:2;a:1:{s:11:"wrapper_end";a:1:{s:10:"wrapper_id";s:0:"";}}i:3;a:1:{s:13:"wrapper_start";a:4:{s:10:"wrapper_id";s:0:"";s:13:"wrapper_class";s:13:"layer-content";s:8:"css_idle";s:0:"";s:6:"margin";s:0:"";}}i:5;a:1:{s:10:"post_title";a:6:{s:5:"color";s:7:"#3d3d3d";s:9:"font_size";s:4:"16px";s:11:"font_family";s:0:"";s:6:"margin";s:6:"10px 0";s:10:"text_align";s:4:"left";s:7:"link_to";s:12:"product_link";}}i:6;a:1:{s:7:"content";a:10:{s:14:"content_source";s:7:"excerpt";s:10:"word_count";s:2:"15";s:14:"read_more_text";s:13:"View product.";s:15:"read_more_color";s:7:"#3d3d3d";s:5:"color";s:7:"#3d3d3d";s:9:"font_size";s:4:"14px";s:11:"font_family";s:0:"";s:10:"text_align";s:4:"left";s:6:"margin";s:6:"10px 0";s:7:"link_to";s:12:"product_link";}}i:7;a:1:{s:13:"product_price";a:4:{s:10:"price_type";s:4:"full";s:12:"wrapper_html";s:0:"";s:5:"color";s:7:"#000000";s:6:"margin";s:6:"10px 0";}}i:8;a:1:{s:11:"add_to_cart";a:3:{s:16:"background_color";s:7:"#1e73be";s:5:"color";s:7:"#ffffff";s:13:"show_quantity";s:2:"no";}}i:10;a:1:{s:11:"wrapper_end";a:1:{s:10:"wrapper_id";s:0:"";}}}]]></wp:meta_value>
		</wp:postmeta>
							<wp:postmeta>
		<wp:meta_key><![CDATA[_edit_last]]></wp:meta_key>
		<wp:meta_value><![CDATA[1]]></wp:meta_value>
		</wp:postmeta>
							<wp:postmeta>
		<wp:meta_key><![CDATA[wcps_options]]></wp:meta_key>
		<wp:meta_value><![CDATA[]]></wp:meta_value>
		</wp:postmeta>
							</item>
					<item>
		<title>– Flat</title>
		<link>http://localhost/wp/wcps_layout/128-theme-flat/</link>
		<pubDate>Mon, 02 Mar 2020 17:23:05 +0000</pubDate>
		<dc:creator><![CDATA[admin]]></dc:creator>
		<guid isPermaLink="false">http://localhost/wp/wcps_layout/128-theme-flat/</guid>
		<description></description>
		<content:encoded><![CDATA[]]></content:encoded>
		<excerpt:encoded><![CDATA[]]></excerpt:encoded>
		<wp:post_id>50293</wp:post_id>
		<wp:post_date><![CDATA[2020-03-02 17:23:05]]></wp:post_date>
		<wp:post_date_gmt><![CDATA[2020-03-02 17:23:05]]></wp:post_date_gmt>
		<wp:comment_status><![CDATA[closed]]></wp:comment_status>
		<wp:ping_status><![CDATA[closed]]></wp:ping_status>
		<wp:post_name><![CDATA[128-theme-flat]]></wp:post_name>
		<wp:status><![CDATA[publish]]></wp:status>
		<wp:post_parent>0</wp:post_parent>
		<wp:menu_order>0</wp:menu_order>
		<wp:post_type><![CDATA[wcps_layout]]></wp:post_type>
		<wp:post_password><![CDATA[]]></wp:post_password>
		<wp:is_sticky>0</wp:is_sticky>
														<wp:postmeta>
		<wp:meta_key><![CDATA[custom_scripts]]></wp:meta_key>
		<wp:meta_value><![CDATA[a:2:{s:10:"custom_css";s:95:".__ID__ {vertical-align: top;}.__ID__ .layer-media{}.__ID__ .layer-content {padding: 5px 10px;}";s:9:"custom_js";s:0:"";}]]></wp:meta_value>
		</wp:postmeta>
							<wp:postmeta>
		<wp:meta_key><![CDATA[layout_options]]></wp:meta_key>
		<wp:meta_value><![CDATA[a:1:{s:18:"layout_preview_img";s:31:"https://i.imgur.com/wLGFEu1.png";}]]></wp:meta_value>
		</wp:postmeta>
							<wp:postmeta>
		<wp:meta_key><![CDATA[layout_elements_data]]></wp:meta_key>
		<wp:meta_value><![CDATA[a:9:{i:0;a:1:{s:13:"wrapper_start";a:4:{s:10:"wrapper_id";s:0:"";s:13:"wrapper_class";s:11:"layer-media";s:8:"css_idle";s:0:"";s:6:"margin";s:0:"";}}i:1;a:1:{s:9:"thumbnail";a:6:{s:10:"thumb_size";s:4:"full";s:12:"thumb_height";a:3:{s:5:"large";s:6:"1000px";s:6:"medium";s:0:"";s:5:"small";s:0:"";}s:17:"default_thumb_src";s:139:"https://www.pickplugins.com/demo/woocommerce-products-slider/wp-content/plugins/woocommerce-products-slider/assets/front/images/no-thumb.png";s:6:"margin";s:0:"";s:7:"link_to";s:4:"none";s:16:"link_to_meta_key";s:0:"";}}i:2;a:1:{s:11:"wrapper_end";a:1:{s:10:"wrapper_id";s:0:"";}}i:3;a:1:{s:13:"wrapper_start";a:4:{s:10:"wrapper_id";s:0:"";s:13:"wrapper_class";s:13:"layer-content";s:8:"css_idle";s:0:"";s:6:"margin";s:0:"";}}i:5;a:1:{s:10:"post_title";a:6:{s:5:"color";s:7:"#000000";s:9:"font_size";s:4:"16px";s:11:"font_family";s:0:"";s:6:"margin";s:6:"10px 0";s:10:"text_align";s:4:"left";s:7:"link_to";s:12:"product_link";}}i:6;a:1:{s:7:"content";a:10:{s:14:"content_source";s:7:"excerpt";s:10:"word_count";s:2:"13";s:14:"read_more_text";s:13:"View product.";s:15:"read_more_color";s:7:"#000000";s:5:"color";s:7:"#000000";s:9:"font_size";s:4:"14px";s:11:"font_family";s:0:"";s:10:"text_align";s:4:"left";s:6:"margin";s:6:"10px 0";s:7:"link_to";s:12:"product_link";}}i:8;a:1:{s:13:"product_price";a:4:{s:10:"price_type";s:4:"full";s:12:"wrapper_html";s:0:"";s:5:"color";s:7:"#000000";s:6:"margin";s:6:"10px 0";}}i:10;a:1:{s:11:"add_to_cart";a:3:{s:16:"background_color";s:7:"#1e73be";s:5:"color";s:7:"#ffffff";s:13:"show_quantity";s:2:"no";}}i:12;a:1:{s:11:"wrapper_end";a:1:{s:10:"wrapper_id";s:0:"";}}}]]></wp:meta_value>
		</wp:postmeta>
							<wp:postmeta>
		<wp:meta_key><![CDATA[_edit_last]]></wp:meta_key>
		<wp:meta_value><![CDATA[1]]></wp:meta_value>
		</wp:postmeta>
							<wp:postmeta>
		<wp:meta_key><![CDATA[wcps_options]]></wp:meta_key>
		<wp:meta_value><![CDATA[]]></wp:meta_value>
		</wp:postmeta>
							</item>
				</channel>
</rss>
	